,rule,"((0,), (1,), (2,))","((0,), (1,))","((0,), (2,))","((0,), (1, 2))","((0,),)","((1,), (2,))","((1,), (0, 2))","((2,), (0, 1))","((0, 1), (0, 2), (1, 2))","((0, 1), (0, 2))","((1,),)","((0, 1), (1, 2))","((0, 1),)","((2,),)","((0, 2), (1, 2))","((0, 2),)","((1, 2),)","((0, 1, 2),)"
0,0,0.0,0.0,0.0,0.0,0.0,0.0,0.0,0.0,0.0,0.0,0.0,0.0,0.0,0.0,0.0,0.0,0.0,0.0
1,1,0.2935644431995963,-0.05187968740985538,-0.05187968740985538,-0.05187968740985571,0.0,-0.05187968740985538,-0.05187968740985571,-0.05187968740985571,0.4362781244591333,0.0,0.0,0.0,-0.12499999999999978,0.0,0.0,-0.12499999999999978,-0.12499999999999978,0.4999999999999991
2,2,0.2935644431995963,-0.05187968740985538,-0.05187968740985538,-0.05187968740985571,0.0,-0.05187968740985538,-0.05187968740985571,-0.05187968740985571,0.4362781244591333,0.0,0.0,0.0,-0.12499999999999978,0.0,0.0,-0.12499999999999978,-0.12499999999999978,0.4999999999999991
3,3,0.5612781244591327,0.0,-0.10375937481971087,-0.14624062518028913,0.0,-0.10375937481971087,-0.14624062518028913,-0.10375937481971098,0.853759374819711,0.0,0.0,0.0,0.0,-0.25,3.3306690738754696e-16,-0.2500000000000001,-0.2500000000000001,0.7500000000000001
4,4,0.2935644431995963,-0.05187968740985538,-0.05187968740985538,-0.05187968740985571,0.0,-0.05187968740985538,-0.05187968740985571,-0.05187968740985571,0.4362781244591333,0.0,0.0,0.0,-0.12499999999999978,0.0,0.0,-0.12499999999999978,-0.12499999999999978,0.4999999999999991
5,5,0.5612781244591327,-0.10375937481971087,0.0,-0.14624062518028913,0.0,-0.10375937481971087,-0.10375937481971098,-0.14624062518028913,0.853759374819711,0.0,-0.25,2.220446049250313e-16,-0.25,0.0,-2.220446049250313e-16,2.220446049250313e-16,-0.24999999999999978,0.7499999999999998
6,6,0.45751874963942185,0.0,0.0,-0.14624062518028913,0.0,-0.45751874963942185,0.0,0.0,0.7075187496394221,-0.25,0.0,0.0,0.0,0.0,-1.1102230246251565e-16,1.1102230246251565e-16,-0.2499999999999999,0.7499999999999999
7,7,0.7469152532855431,0.0,0.0,-0.07312031259014451,-0.125,-0.5,-0.0731203125901444,-0.0731203125901444,0.9268796874098554,-2.220446049250313e-16,-0.125,-2.220446049250313e-16,4.440892098500626e-16,-0.125,-1.1102230246251565e-16,3.3306690738754696e-16,-0.49999999999999967,0.8749999999999994
8,8,0.2935644431995963,-0.05187968740985538,-0.05187968740985538,-0.05187968740985571,0.0,-0.05187968740985549,-0.0518796874098556,-0.0518796874098556,0.43627812445913317,0.0,0.0,0.0,-0.12499999999999978,0.0,0.0,-0.12499999999999978,-0.125,0.49999999999999933
9,9,0.45751874963942185,0.0,0.0,-0.14624062518028913,0.0,-0.45751874963942185,0.0,0.0,0.7075187496394221,-0.25,0.0,0.0,0.0,0.0,-1.1102230246251565e-16,1.1102230246251565e-16,-0.2499999999999999,0.7499999999999999
10,10,0.5612781244591327,-0.10375937481971087,0.0,-0.14624062518028913,0.0,-0.10375937481971087,-0.10375937481971098,-0.14624062518028913,0.853759374819711,0.0,-0.25,2.220446049250313e-16,-0.25,0.0,-2.220446049250313e-16,2.220446049250313e-16,-0.24999999999999978,0.7499999999999998
11,11,0.7469152532855431,0.0,0.0,-0.07312031259014451,-0.125,-0.4999999999999999,-0.07312031259014451,-0.07312031259014451,0.9268796874098555,-2.220446049250313e-16,-0.125,-2.220446049250313e-16,4.440892098500626e-16,-0.125,0.0,0.0,-0.5,0.875
12,12,0.5612781244591327,0.0,-0.10375937481971087,-0.14624062518028913,0.0,-0.10375937481971087,-0.14624062518028913,-0.10375937481971098,0.853759374819711,0.0,0.0,0.0,0.0,-0.25,3.3306690738754696e-16,-0.2500000000000001,-0.25000000000000033,0.7500000000000003
13,13,0.7469152532855431,0.0,0.0,-0.07312031259014451,-0.125,-0.4999999999999999,-0.07312031259014451,-0.07312031259014451,0.9268796874098555,-2.220446049250313e-16,-0.125,-2.220446049250313e-16,2.220446049250313e-16,-0.125,0.0,2.220446049250313e-16,-0.4999999999999998,0.8749999999999998
14,14,0.7469152532855431,0.0,0.0,-0.07312031259014451,-0.125,-0.4999999999999999,-0.07312031259014451,-0.07312031259014451,0.9268796874098555,-2.220446049250313e-16,-0.125,-2.220446049250313e-16,2.220446049250313e-16,-0.125,0.0,0.0,-0.4999999999999998,0.875
15,15,1.0,0.0,0.0,0.0,0.0,-1.0,0.0,0.0,1.0,0.0,0.0,0.0,0.0,0.0,0.0,0.0,-1.0,1.0
16,16,0.2935644431995963,-0.05187968740985538,-0.05187968740985538,-0.05187968740985571,0.0,-0.05187968740985538,-0.05187968740985571,-0.05187968740985571,0.4362781244591333,0.0,0.0,0.0,-0.12499999999999978,0.0,0.0,-0.12499999999999978,-0.12499999999999978,0.4999999999999991
17,17,0.5612781244591327,-0.10375937481971087,-0.10375937481971087,-0.10375937481971098,-0.25,0.0,-0.14624062518028913,-0.14624062518028913,0.853759374819711,2.220446049250313e-16,0.0,0.0,-0.25,0.0,-2.220446049250313e-16,-0.24999999999999978,2.220446049250313e-16,0.7499999999999998
18,18,0.45751874963942185,0.0,-0.45751874963942185,0.0,0.0,0.0,-0.14624062518028913,0.0,0.7075187496394221,0.0,0.0,-0.25,0.0,0.0,-1.1102230246251565e-16,-0.2499999999999999,1.1102230246251565e-16,0.7499999999999999
19,19,0.7469152532855431,0.0,-0.5,-0.0731203125901444,-0.125,0.0,-0.07312031259014451,-0.0731203125901444,0.9268796874098552,0.0,-0.125,0.0,2.220446049250313e-16,-0.125,1.1102230246251565e-16,-0.4999999999999999,1.1102230246251565e-16,0.8749999999999997
20,20,0.45751874963942185,-0.45751874963942185,0.0,0.0,0.0,0.0,0.0,-0.14624062518028913,0.7075187496394221,0.0,0.0,0.0,-0.25,0.0,-0.25,0.0,0.0,0.75
21,21,0.7469152532855431,-0.5,0.0,-0.0731203125901444,-0.125,0.0,-0.0731203125901444,-0.07312031259014451,0.9268796874098552,0.0,-0.125,0.0,-0.4999999999999998,-0.125,0.0,2.220446049250313e-16,2.220446049250313e-16,0.8749999999999996
22,22,0.2469152532855432,-1.1102230246251565e-16,-1.1102230246251565e-16,-0.1981203125901443,0.0,-1.1102230246251565e-16,-0.1981203125901443,-0.1981203125901443,0.8018796874098549,-0.125,0.0,-0.125,2.220446049250313e-16,0.0,-0.125,2.220446049250313e-16,2.220446049250313e-16,0.8749999999999996
23,23,0.5849625007211562,0.0,0.0,-0.14624062518028913,-0.2499999999999999,0.0,-0.14624062518028913,-0.14624062518028913,0.8537593748197112,-1.1102230246251565e-16,-0.2499999999999999,-1.1102230246251565e-16,0.0,-0.2499999999999999,-4.440892098500626e-16,3.3306690738754696e-16,3.3306690738754696e-16,0.7499999999999997
24,24,0.0,0.0,0.0,0.0,0.0,0.0,0.0,0.0,0.5612781244591329,0.0,0.0,0.0,-0.25,0.0,0.0,-0.25,-0.25,1.0
25,25,0.3200355658756877,-0.07312031259014462,-0.07312031259014462,2.220446049250313e-16,-0.125,-0.125,-0.0731203125901444,-0.0731203125901444,0.926879687409855,-0.375,0.0,0.0,-0.12499999999999978,0.0,3.3306690738754696e-16,-0.1250000000000001,-0.1250000000000001,0.9999999999999999
26,26,0.3200355658756877,-0.07312031259014462,-0.1250000000000001,-0.07312031259014429,0.0,-0.07312031259014451,1.1102230246251565e-16,-0.0731203125901444,0.926879687409855,0.0,-0.125,-0.375,-0.12499999999999978,0.0,2.220446049250313e-16,-0.125,-0.12500000000000022,1.0
27,27,0.5849625007211562,0.0,-0.14624062518028913,0.0,-0.2499999999999999,-0.14624062518028902,-1.1102230246251565e-16,-0.29248125036057804,1.0,0.0,-0.2499999999999999,0.0,-1.1102230246251565e-16,0.0,0.0,-0.25,-0.25,1.0
28,28,0.3200355658756877,-0.1250000000000001,-0.07312031259014462,-0.07312031259014429,0.0,-0.07312031259014451,-0.0731203125901444,1.1102230246251565e-16,0.926879687409855,0.0,0.0,0.0,-0.12499999999999978,-0.125,-0.3750000000000001,-0.12499999999999967,-0.12499999999999967,0.9999999999999994
29,29,0.5849625007211562,-0.14624062518028913,0.0,0.0,-0.2499999999999999,-0.14624062518028913,-0.2924812503605779,0.0,1.0,-1.1102230246251565e-16,0.0,0.0,-0.25,-0.2499999999999999,0.0,-1.1102230246251565e-16,-0.2500000000000001,1.0
30,30,0.43872187554086706,0.0,0.0,-0.25,1.1102230246251565e-16,-0.43872187554086706,0.0,0.0,1.0,-1.1102230246251565e-16,0.0,-0.25,0.0,0.0,-0.25,0.0,-0.25,1.0
31,31,0.7469152532855431,0.0,0.0,-0.07312031259014451,-0.125,-0.4999999999999999,-0.07312031259014451,-0.07312031259014451,0.9268796874098555,-2.220446049250313e-16,-0.1250000000000001,-1.1102230246251565e-16,4.440892098500626e-16,-0.1250000000000001,1.1102230246251565e-16,2.220446049250313e-16,-0.4999999999999998,0.8749999999999996
32,32,0.2935644431995963,-0.05187968740985538,-0.05187968740985549,-0.0518796874098556,0.0,-0.05187968740985538,-0.05187968740985571,-0.0518796874098556,0.43627812445913317,0.0,0.0,0.0,-0.12499999999999978,0.0,0.0,-0.125,-0.12499999999999978,0.49999999999999933
33,33,0.45751874963942185,0.0,-0.45751874963942185,0.0,0.0,0.0,-0.14624062518028913,0.0,0.7075187496394221,0.0,0.0,-0.25,0.0,0.0,-1.1102230246251565e-16,-0.2499999999999999,1.1102230246251565e-16,0.7499999999999999
34,34,0.5612781244591327,-0.10375937481971087,-0.10375937481971087,-0.10375937481971098,-0.25,0.0,-0.14624062518028913,-0.14624062518028913,0.853759374819711,2.220446049250313e-16,0.0,0.0,-0.25,0.0,-2.220446049250313e-16,-0.24999999999999978,2.220446049250313e-16,0.7499999999999998
35,35,0.7469152532855431,0.0,-0.4999999999999999,-0.07312031259014451,-0.125,0.0,-0.07312031259014451,-0.07312031259014451,0.9268796874098553,0.0,-0.125,0.0,2.220446049250313e-16,-0.125,0.0,-0.5,0.0,0.875
36,36,0.0,0.0,0.0,0.0,0.0,0.0,0.0,0.0,0.5612781244591329,0.0,0.0,0.0,-0.25,0.0,0.0,-0.25,-0.25,1.0
37,37,0.3200355658756877,-0.07312031259014462,-0.125,-0.0731203125901444,0.0,-0.07312031259014462,2.220446049250313e-16,-0.0731203125901444,0.926879687409855,0.0,-0.125,-0.375,-0.12499999999999978,0.0,0.0,-0.12499999999999978,-0.12499999999999978,0.9999999999999996
38,38,0.3200355658756877,-0.07312031259014462,-0.07312031259014451,1.1102230246251565e-16,-0.125,-0.1250000000000001,-0.07312031259014429,-0.0731203125901444,0.926879687409855,-0.375,0.0,0.0,-0.12499999999999978,0.0,2.220446049250313e-16,-0.12500000000000022,-0.125,1.0
39,39,0.5849625007211562,0.0,-0.14624062518028902,-1.1102230246251565e-16,-0.2499999999999999,-0.14624062518028913,0.0,-0.29248125036057804,1.0,0.0,-0.2499999999999999,0.0,-1.1102230246251565e-16,0.0,0.0,-0.25,-0.25,1.0
40,40,0.45751874963942185,-0.45751874963942185,0.0,0.0,0.0,0.0,0.0,-0.14624062518028913,0.7075187496394221,0.0,0.0,0.0,-0.25,0.0,-0.25,0.0,0.0,0.75
41,41,0.2469152532855432,-1.1102230246251565e-16,0.0,-0.1981203125901444,0.0,0.0,-0.1981203125901444,-0.1981203125901445,0.8018796874098552,-0.125,0.0,-0.125,2.220446049250313e-16,0.0,-0.125,0.0,0.0,0.875
42,42,0.7469152532855431,-0.5,0.0,-0.0731203125901444,-0.125,0.0,-0.0731203125901444,-0.07312031259014451,0.9268796874098552,0.0,-0.125,0.0,-0.4999999999999998,-0.125,0.0,2.220446049250313e-16,2.220446049250313e-16,0.8749999999999996
43,43,0.5849625007211562,0.0,0.0,-0.14624062518028913,-0.2499999999999999,0.0,-0.14624062518028913,-0.14624062518028913,0.8537593748197112,-1.1102230246251565e-16,-0.2499999999999999,-1.1102230246251565e-16,0.0,-0.25,-3.3306690738754696e-16,3.3306690738754696e-16,3.3306690738754696e-16,0.7499999999999997
44,44,0.3200355658756877,-0.1250000000000001,-0.07312031259014451,-0.0731203125901444,0.0,-0.07312031259014451,-0.0731203125901444,0.0,0.9268796874098552,0.0,0.0,0.0,-0.12499999999999978,-0.125,-0.3750000000000001,-0.12499999999999989,-0.12499999999999967,0.9999999999999997
45,45,0.43872187554086706,0.0,1.1102230246251565e-16,-0.2500000000000001,1.1102230246251565e-16,-0.43872187554086706,0.0,-1.1102230246251565e-16,1.0,0.0,0.0,-0.2499999999999999,-1.1102230246251565e-16,0.0,-0.2499999999999999,-1.1102230246251565e-16,-0.2500000000000001,1.0
46,46,0.5849625007211562,-0.14624062518028913,0.0,0.0,-0.2499999999999999,-0.14624062518028913,-0.2924812503605779,0.0,1.0,-1.1102230246251565e-16,0.0,0.0,-0.25,-0.25,1.1102230246251565e-16,-1.1102230246251565e-16,-0.2500000000000001,1.0
47,47,0.7469152532855431,0.0,0.0,-0.07312031259014451,-0.125,-0.4999999999999999,-0.07312031259014451,-0.07312031259014451,0.9268796874098555,-2.220446049250313e-16,-0.1250000000000001,-1.1102230246251565e-16,4.440892098500626e-16,-0.1250000000000001,1.1102230246251565e-16,2.220446049250313e-16,-0.4999999999999998,0.8749999999999996
48,48,0.5612781244591327,0.0,-0.10375937481971087,-0.14624062518028913,0.0,-0.10375937481971087,-0.14624062518028913,-0.10375937481971098,0.853759374819711,0.0,0.0,0.0,0.0,-0.25,3.3306690738754696e-16,-0.25000000000000033,-0.2500000000000001,0.7500000000000003
49,49,0.7469152532855431,0.0,-0.4999999999999999,-0.07312031259014451,-0.125,0.0,-0.07312031259014451,-0.07312031259014451,0.9268796874098553,0.0,-0.125,0.0,2.220446049250313e-16,-0.125,0.0,-0.4999999999999998,2.220446049250313e-16,0.8749999999999996
50,50,0.7469152532855431,0.0,-0.4999999999999999,-0.07312031259014451,-0.125,0.0,-0.07312031259014451,-0.07312031259014451,0.9268796874098553,0.0,-0.125,0.0,2.220446049250313e-16,-0.125,0.0,-0.4999999999999998,0.0,0.8749999999999998
51,51,1.0,0.0,-1.0,0.0,0.0,0.0,0.0,0.0,1.0,0.0,0.0,0.0,0.0,0.0,0.0,-1.0,0.0,1.0
52,52,0.3200355658756877,-0.1250000000000001,-0.07312031259014451,-0.0731203125901444,0.0,-0.07312031259014462,-0.07312031259014429,1.1102230246251565e-16,0.926879687409855,0.0,0.0,0.0,-0.12499999999999978,-0.125,-0.3750000000000002,-0.12499999999999956,-0.12499999999999956,0.9999999999999993
53,53,0.5849625007211562,-0.14624062518028913,-0.14624062518028913,-0.2924812503605779,0.0,0.0,0.0,0.0,1.0,0.0,-0.2499999999999999,-1.1102230246251565e-16,-0.25,-0.2499999999999999,0.0,-0.2500000000000001,-1.1102230246251565e-16,1.0
54,54,0.43872187554086706,0.0,-0.43872187554086706,0.0,0.0,0.0,-0.25,0.0,1.0,-0.25,1.1102230246251565e-16,-1.1102230246251565e-16,0.0,0.0,-0.25,-0.25,0.0,1.0
55,55,0.7469152532855431,0.0,-0.4999999999999999,-0.07312031259014451,-0.1250000000000001,0.0,-0.07312031259014451,-0.07312031259014451,0.9268796874098553,1.1102230246251565e-16,-0.125,0.0,2.220446049250313e-16,-0.1250000000000001,1.1102230246251565e-16,-0.4999999999999998,2.220446049250313e-16,0.8749999999999996
56,56,0.3200355658756877,-0.1250000000000001,-0.07312031259014451,-0.0731203125901444,0.0,-0.07312031259014451,-0.0731203125901444,0.0,0.9268796874098552,0.0,0.0,0.0,-0.12499999999999978,-0.125,-0.3750000000000001,-0.12499999999999967,-0.12499999999999989,0.9999999999999997
57,57,0.43872187554086706,0.0,-0.43872187554086706,0.0,0.0,1.1102230246251565e-16,-0.2500000000000001,-1.1102230246251565e-16,1.0,-0.2499999999999999,1.1102230246251565e-16,0.0,-1.1102230246251565e-16,0.0,-0.25,-0.25,0.0,1.0
58,58,0.5849625007211562,-0.14624062518028913,-0.14624062518028913,-0.2924812503605779,0.0,0.0,0.0,0.0,1.0,0.0,-0.2499999999999999,-1.1102230246251565e-16,-0.25,-0.25,1.1102230246251565e-16,-0.2500000000000001,-1.1102230246251565e-16,1.0
59,59,0.7469152532855431,0.0,-0.4999999999999999,-0.07312031259014451,-0.1250000000000001,0.0,-0.07312031259014451,-0.07312031259014451,0.9268796874098553,1.1102230246251565e-16,-0.125,0.0,2.220446049250313e-16,-0.1250000000000001,1.1102230246251565e-16,-0.4999999999999998,2.220446049250313e-16,0.8749999999999996
60,60,0.0,0.0,0.0,0.0,0.0,0.0,0.0,0.0,1.0,0.0,0.0,0.0,0.0,0.0,-1.0,0.0,0.0,1.0
61,61,0.3200355658756877,-0.125,-0.07312031259014451,-0.07312031259014451,-1.1102230246251565e-16,-0.07312031259014451,-0.07312031259014451,0.0,0.9268796874098553,1.1102230246251565e-16,-1.1102230246251565e-16,1.1102230246251565e-16,-0.12499999999999978,-0.1250000000000001,-0.3749999999999999,-0.12499999999999978,-0.12499999999999978,0.9999999999999996
62,62,0.3200355658756877,-0.125,-0.07312031259014451,-0.07312031259014451,-1.1102230246251565e-16,-0.07312031259014451,-0.07312031259014451,0.0,0.9268796874098553,1.1102230246251565e-16,-1.1102230246251565e-16,1.1102230246251565e-16,-0.12499999999999978,-0.1250000000000001,-0.3749999999999999,-0.12499999999999978,-0.12499999999999978,0.9999999999999996
63,63,0.5612781244591327,0.0,-0.10375937481971087,-0.14624062518028913,0.0,-0.10375937481971087,-0.14624062518028913,-0.10375937481971098,0.853759374819711,0.0,0.0,0.0,0.0,-0.25,3.3306690738754696e-16,-0.25000000000000033,-0.25000000000000033,0.7500000000000006
64,64,0.2935644431995963,-0.05187968740985549,-0.05187968740985538,-0.0518796874098556,0.0,-0.05187968740985538,-0.0518796874098556,-0.05187968740985571,0.43627812445913317,0.0,0.0,0.0,-0.125,0.0,0.0,-0.12499999999999978,-0.12499999999999978,0.49999999999999933
65,65,0.45751874963942185,-0.45751874963942185,0.0,0.0,0.0,0.0,0.0,-0.14624062518028913,0.7075187496394221,0.0,0.0,0.0,-0.25,0.0,-0.25,0.0,0.0,0.75
66,66,0.0,0.0,0.0,0.0,0.0,0.0,0.0,0.0,0.5612781244591329,0.0,0.0,0.0,-0.25,0.0,0.0,-0.25,-0.25,1.0
67,67,0.3200355658756877,-0.125,-0.07312031259014462,-0.0731203125901444,0.0,-0.07312031259014462,-0.0731203125901444,2.220446049250313e-16,0.926879687409855,0.0,0.0,0.0,-0.12499999999999978,-0.125,-0.3750000000000001,-0.12499999999999967,-0.12499999999999967,0.9999999999999994
68,68,0.5612781244591327,-0.10375937481971087,-0.10375937481971087,-0.10375937481971098,-0.25,0.0,-0.14624062518028913,-0.14624062518028913,0.853759374819711,2.220446049250313e-16,0.0,0.0,-0.25,0.0,-2.220446049250313e-16,-0.24999999999999978,2.220446049250313e-16,0.7499999999999998
69,69,0.7469152532855431,-0.4999999999999999,0.0,-0.07312031259014451,-0.125,0.0,-0.07312031259014451,-0.07312031259014451,0.9268796874098553,0.0,-0.125,0.0,-0.5,-0.125,0.0,2.220446049250313e-16,2.220446049250313e-16,0.8749999999999999
70,70,0.3200355658756877,-0.07312031259014451,-0.07312031259014462,1.1102230246251565e-16,-0.125,-0.1250000000000001,-0.0731203125901444,-0.07312031259014429,0.926879687409855,-0.375,0.0,0.0,-0.125,0.0,-1.1102230246251565e-16,-0.12499999999999967,-0.12499999999999967,0.9999999999999997
71,71,0.5849625007211562,-0.14624062518028902,0.0,-1.1102230246251565e-16,-0.2499999999999999,-0.14624062518028913,-0.29248125036057804,0.0,1.0,0.0,0.0,1.1102230246251565e-16,-0.2500000000000001,-0.2499999999999999,0.0,-1.1102230246251565e-16,-0.2500000000000001,1.0
72,72,0.45751874963942185,0.0,-0.45751874963942185,0.0,0.0,0.0,-0.14624062518028913,0.0,0.7075187496394221,0.0,0.0,-0.25,0.0,0.0,-1.1102230246251565e-16,-0.2499999999999999,-1.1102230246251565e-16,0.7500000000000001
73,73,0.2469152532855432,0.0,-1.1102230246251565e-16,-0.1981203125901444,0.0,0.0,-0.1981203125901445,-0.1981203125901444,0.8018796874098552,-0.125,0.0,-0.125,0.0,0.0,-0.1250000000000001,3.3306690738754696e-16,3.3306690738754696e-16,0.8749999999999997
74,74,0.3200355658756877,-0.07312031259014451,-0.1250000000000001,-0.0731203125901444,0.0,-0.07312031259014451,0.0,-0.0731203125901444,0.9268796874098552,0.0,-0.125,-0.375,-0.125,0.0,-2.220446049250313e-16,-0.12499999999999956,-0.12499999999999956,0.9999999999999996
75,75,0.43872187554086706,1.1102230246251565e-16,0.0,-0.2500000000000001,1.1102230246251565e-16,-0.43872187554086706,-1.1102230246251565e-16,0.0,1.0,0.0,0.0,-0.2499999999999999,-1.1102230246251565e-16,0.0,-0.25,0.0,-0.25,1.0
76,76,0.7469152532855431,0.0,-0.5,-0.0731203125901444,-0.125,0.0,-0.07312031259014451,-0.0731203125901444,0.9268796874098552,0.0,-0.125,0.0,2.220446049250313e-16,-0.125,1.1102230246251565e-16,-0.4999999999999999,1.1102230246251565e-16,0.8749999999999997
77,77,0.5849625007211562,0.0,0.0,-0.14624062518028913,-0.2499999999999999,0.0,-0.14624062518028913,-0.14624062518028913,0.8537593748197112,-1.1102230246251565e-16,-0.25,0.0,0.0,-0.2499999999999999,-4.440892098500626e-16,3.3306690738754696e-16,3.3306690738754696e-16,0.7499999999999997
78,78,0.5849625007211562,0.0,-0.14624062518028913,0.0,-0.2499999999999999,-0.14624062518028902,-1.1102230246251565e-16,-0.29248125036057804,1.0,0.0,-0.25,0.0,0.0,0.0,0.0,-0.25,-0.25,1.0
79,79,0.7469152532855431,0.0,0.0,-0.07312031259014451,-0.125,-0.4999999999999999,-0.07312031259014451,-0.07312031259014451,0.9268796874098555,-2.220446049250313e-16,-0.1250000000000001,-1.1102230246251565e-16,4.440892098500626e-16,-0.1250000000000001,1.1102230246251565e-16,2.220446049250313e-16,-0.5,0.8749999999999998
80,80,0.5612781244591327,-0.10375937481971087,0.0,-0.14624062518028913,0.0,-0.10375937481971087,-0.10375937481971098,-0.14624062518028913,0.853759374819711,0.0,-0.25,2.220446049250313e-16,-0.2500000000000002,0.0,-2.220446049250313e-16,2.220446049250313e-16,-0.24999999999999978,0.75
81,81,0.7469152532855431,-0.4999999999999999,0.0,-0.07312031259014451,-0.125,0.0,-0.07312031259014451,-0.07312031259014451,0.9268796874098553,0.0,-0.125,0.0,-0.4999999999999998,-0.125,0.0,2.220446049250313e-16,2.220446049250313e-16,0.8749999999999994
82,82,0.3200355658756877,-0.07312031259014451,-0.1250000000000001,-0.0731203125901444,0.0,-0.07312031259014462,1.1102230246251565e-16,-0.07312031259014429,0.926879687409855,0.0,-0.125,-0.375,-0.12499999999999978,0.0,2.220446049250313e-16,-0.125,-0.125,0.9999999999999998
83,83,0.5849625007211562,-0.14624062518028913,-0.14624062518028913,-0.2924812503605779,0.0,0.0,0.0,0.0,1.0,0.0,-0.2499999999999999,-1.1102230246251565e-16,-0.25,-0.2499999999999999,0.0,-0.2500000000000001,-1.1102230246251565e-16,1.0
84,84,0.7469152532855431,-0.4999999999999999,0.0,-0.07312031259014451,-0.125,0.0,-0.07312031259014451,-0.07312031259014451,0.9268796874098553,0.0,-0.125,0.0,-0.4999999999999998,-0.125,0.0,2.220446049250313e-16,2.220446049250313e-16,0.8749999999999994
85,85,1.0,-1.0,0.0,0.0,0.0,0.0,0.0,0.0,1.0,0.0,0.0,0.0,-1.0,0.0,0.0,0.0,0.0,1.0
86,86,0.43872187554086706,-0.43872187554086706,0.0,0.0,0.0,0.0,0.0,-0.25,1.0,-0.25,0.0,-0.25,-0.25,1.1102230246251565e-16,0.0,-1.1102230246251565e-16,-1.1102230246251565e-16,1.0
87,87,0.7469152532855431,-0.4999999999999999,0.0,-0.07312031259014451,-0.1250000000000001,0.0,-0.07312031259014451,-0.07312031259014451,0.9268796874098553,1.1102230246251565e-16,-0.1250000000000001,1.1102230246251565e-16,-0.4999999999999998,-0.125,0.0,2.220446049250313e-16,2.220446049250313e-16,0.8749999999999994
88,88,0.3200355658756877,-0.07312031259014451,-0.1250000000000001,-0.0731203125901444,0.0,-0.07312031259014451,0.0,-0.0731203125901444,0.9268796874098552,0.0,-0.125,-0.375,-0.12499999999999978,0.0,-2.220446049250313e-16,-0.12499999999999956,-0.12499999999999956,0.9999999999999993
89,89,0.43872187554086706,-0.43872187554086706,0.0,0.0,0.0,0.0,0.0,-0.25,1.0,-0.25,0.0,-0.25,-0.25,1.1102230246251565e-16,0.0,-1.1102230246251565e-16,-1.1102230246251565e-16,1.0
90,90,0.0,0.0,0.0,0.0,0.0,0.0,0.0,0.0,1.0,0.0,0.0,-1.0,0.0,0.0,0.0,0.0,0.0,1.0
91,91,0.3200355658756877,-0.07312031259014451,-0.125,-0.07312031259014451,-1.1102230246251565e-16,-0.07312031259014451,0.0,-0.07312031259014451,0.9268796874098553,1.1102230246251565e-16,-0.1250000000000001,-0.3749999999999999,-0.12499999999999978,-1.1102230246251565e-16,1.1102230246251565e-16,-0.12499999999999978,-0.12499999999999978,0.9999999999999996
92,92,0.5849625007211562,-0.14624062518028913,-0.14624062518028913,-0.2924812503605779,0.0,0.0,0.0,0.0,1.0,0.0,-0.25,0.0,-0.25,-0.2499999999999999,0.0,-0.2500000000000001,-1.1102230246251565e-16,1.0
93,93,0.7469152532855431,-0.4999999999999999,0.0,-0.07312031259014451,-0.1250000000000001,0.0,-0.07312031259014451,-0.07312031259014451,0.9268796874098553,1.1102230246251565e-16,-0.1250000000000001,1.1102230246251565e-16,-0.4999999999999998,-0.125,0.0,2.220446049250313e-16,2.220446049250313e-16,0.8749999999999994
94,94,0.3200355658756877,-0.07312031259014451,-0.125,-0.07312031259014451,-1.1102230246251565e-16,-0.07312031259014451,0.0,-0.07312031259014451,0.9268796874098553,1.1102230246251565e-16,-0.1250000000000001,-0.3749999999999999,-0.12499999999999978,-1.1102230246251565e-16,1.1102230246251565e-16,-0.12499999999999978,-0.125,0.9999999999999998
95,95,0.5612781244591327,-0.10375937481971087,0.0,-0.14624062518028913,0.0,-0.10375937481971087,-0.10375937481971098,-0.14624062518028913,0.853759374819711,0.0,-0.25,2.220446049250313e-16,-0.2500000000000002,0.0,-2.220446049250313e-16,2.220446049250313e-16,-0.24999999999999978,0.75
96,96,0.45751874963942185,0.0,0.0,-0.14624062518028913,0.0,-0.45751874963942185,0.0,0.0,0.7075187496394221,-0.25,0.0,0.0,-2.220446049250313e-16,0.0,-1.1102230246251565e-16,-1.1102230246251565e-16,-0.2499999999999999,0.7500000000000003
97,97,0.2469152532855432,0.0,0.0,-0.1981203125901445,0.0,-1.1102230246251565e-16,-0.1981203125901444,-0.1981203125901444,0.8018796874098552,-0.125,0.0,-0.125,2.220446049250313e-16,0.0,-0.1250000000000001,3.3306690738754696e-16,3.3306690738754696e-16,0.8749999999999994
98,98,0.3200355658756877,-0.07312031259014451,-0.07312031259014451,0.0,-0.125,-0.1250000000000001,-0.0731203125901444,-0.0731203125901444,0.9268796874098552,-0.375,0.0,0.0,-0.12499999999999978,0.0,-2.220446049250313e-16,-0.12499999999999956,-0.12499999999999956,0.9999999999999993
99,99,0.43872187554086706,0.0,-0.43872187554086706,0.0,0.0,0.0,-0.25,0.0,1.0,-0.25,1.1102230246251565e-16,-1.1102230246251565e-16,0.0,0.0,-0.25,-0.25,0.0,1.0
100,100,0.3200355658756877,-0.07312031259014451,-0.07312031259014451,0.0,-0.125,-0.1250000000000001,-0.0731203125901444,-0.0731203125901444,0.9268796874098552,-0.375,0.0,0.0,-0.12499999999999978,0.0,-2.220446049250313e-16,-0.12499999999999956,-0.12499999999999956,0.9999999999999993
101,101,0.43872187554086706,-0.43872187554086706,0.0,0.0,0.0,0.0,0.0,-0.25,1.0,-0.25,0.0,-0.25,-0.25,1.1102230246251565e-16,0.0,-1.1102230246251565e-16,-1.1102230246251565e-16,1.0
102,102,0.0,0.0,0.0,0.0,0.0,0.0,0.0,0.0,1.0,-1.0,0.0,0.0,0.0,0.0,0.0,0.0,0.0,1.0
103,103,0.3200355658756877,-0.07312031259014451,-0.07312031259014451,0.0,-0.1250000000000001,-0.125,-0.07312031259014451,-0.07312031259014451,0.9268796874098553,-0.3749999999999999,-1.1102230246251565e-16,1.1102230246251565e-16,-0.12499999999999978,-1.1102230246251565e-16,1.1102230246251565e-16,-0.12499999999999978,-0.12499999999999978,0.9999999999999996
104,104,0.2469152532855432,0.0,0.0,-0.1981203125901445,0.0,0.0,-0.1981203125901445,-0.1981203125901445,0.8018796874098553,-0.125,0.0,-0.125,2.220446049250313e-16,0.0,-0.125,2.220446049250313e-16,2.220446049250313e-16,0.8749999999999996
105,105,0.0,0.0,0.0,0.0,0.0,0.0,0.0,0.0,0.0,0.0,0.0,0.0,0.0,0.0,0.0,0.0,0.0,1.0
106,106,0.43872187554086706,-0.43872187554086706,0.0,0.0,0.0,0.0,0.0,-0.25,1.0,-0.25,0.0,-0.25,-0.25,0.0,0.0,0.0,0.0,1.0
107,107,0.2469152532855432,0.0,0.0,-0.1981203125901445,-1.1102230246251565e-16,0.0,-0.1981203125901445,-0.1981203125901445,0.8018796874098553,-0.12499999999999989,-1.1102230246251565e-16,-0.12499999999999989,2.220446049250313e-16,-1.1102230246251565e-16,-0.12499999999999989,2.220446049250313e-16,2.220446049250313e-16,0.8749999999999996
108,108,0.43872187554086706,0.0,-0.43872187554086706,0.0,0.0,1.1102230246251565e-16,-0.2500000000000001,-1.1102230246251565e-16,1.0,-0.2499999999999999,0.0,1.1102230246251565e-16,-1.1102230246251565e-16,0.0,-0.25,-0.25,0.0,1.0
109,109,0.2469152532855432,0.0,0.0,-0.1981203125901445,-1.1102230246251565e-16,0.0,-0.1981203125901445,-0.1981203125901445,0.8018796874098553,-0.12499999999999989,-1.1102230246251565e-16,-0.12499999999999989,2.220446049250313e-16,-1.1102230246251565e-16,-0.12499999999999989,2.220446049250313e-16,0.0,0.8749999999999998
110,110,0.3200355658756877,-0.07312031259014451,-0.07312031259014451,0.0,-0.1250000000000001,-0.125,-0.07312031259014451,-0.07312031259014451,0.9268796874098553,-0.3749999999999999,-1.1102230246251565e-16,1.1102230246251565e-16,-0.12499999999999978,-1.1102230246251565e-16,1.1102230246251565e-16,-0.12499999999999978,-0.12499999999999978,0.9999999999999996
111,111,0.45751874963942185,0.0,0.0,-0.14624062518028913,0.0,-0.45751874963942185,0.0,0.0,0.7075187496394221,-0.25,0.0,0.0,-2.220446049250313e-16,0.0,-1.1102230246251565e-16,-1.1102230246251565e-16,-0.2499999999999999,0.7500000000000003
112,112,0.7469152532855431,0.0,0.0,-0.07312031259014451,-0.125,-0.5,-0.0731203125901444,-0.0731203125901444,0.9268796874098554,-2.220446049250313e-16,-0.125,-2.220446049250313e-16,4.440892098500626e-16,-0.125,-1.1102230246251565e-16,3.3306690738754696e-16,-0.49999999999999967,0.8749999999999994
113,113,0.5849625007211562,0.0,0.0,-0.14624062518028913,-0.25,0.0,-0.14624062518028913,-0.14624062518028913,0.8537593748197112,0.0,-0.2499999999999999,-1.1102230246251565e-16,0.0,-0.2499999999999999,-4.440892098500626e-16,3.3306690738754696e-16,3.3306690738754696e-16,0.7499999999999997
114,114,0.5849625007211562,0.0,-0.14624062518028902,-1.1102230246251565e-16,-0.25,-0.14624062518028913,0.0,-0.29248125036057804,1.0,0.0,-0.2499999999999999,0.0,0.0,0.0,0.0,-0.25,-0.25,1.0
115,115,0.7469152532855431,0.0,-0.4999999999999999,-0.07312031259014451,-0.1250000000000001,0.0,-0.07312031259014451,-0.07312031259014451,0.9268796874098553,1.1102230246251565e-16,-0.125,0.0,2.220446049250313e-16,-0.1250000000000001,1.1102230246251565e-16,-0.5,2.220446049250313e-16,0.8749999999999998
116,116,0.5849625007211562,-0.14624062518028902,0.0,-1.1102230246251565e-16,-0.25,-0.14624062518028913,-0.29248125036057804,0.0,1.0,1.1102230246251565e-16,0.0,1.1102230246251565e-16,-0.2500000000000001,-0.2499999999999999,0.0,-1.1102230246251565e-16,-0.2500000000000001,1.0
117,117,0.7469152532855431,-0.4999999999999999,0.0,-0.07312031259014451,-0.1250000000000001,0.0,-0.07312031259014451,-0.07312031259014451,0.9268796874098553,1.1102230246251565e-16,-0.1250000000000001,1.1102230246251565e-16,-0.5,-0.125,0.0,2.220446049250313e-16,2.220446049250313e-16,0.8749999999999999
118,118,0.3200355658756877,-0.07312031259014451,-0.07312031259014451,0.0,-0.1250000000000001,-0.125,-0.07312031259014451,-0.07312031259014451,0.9268796874098553,-0.3749999999999999,-1.1102230246251565e-16,1.1102230246251565e-16,-0.125,-1.1102230246251565e-16,1.1102230246251565e-16,-0.125,-0.12499999999999978,1.0
119,119,0.5612781244591327,-0.10375937481971087,-0.10375937481971087,-0.10375937481971098,-0.25,0.0,-0.14624062518028913,-0.14624062518028913,0.853759374819711,2.220446049250313e-16,0.0,0.0,-0.25,0.0,-2.220446049250313e-16,-0.24999999999999978,2.220446049250313e-16,0.7499999999999998
120,120,0.43872187554086706,1.1102230246251565e-16,1.1102230246251565e-16,-0.2500000000000002,0.0,-0.43872187554086706,-1.1102230246251565e-16,-1.1102230246251565e-16,1.0000000000000002,0.0,0.0,-0.25,0.0,0.0,-0.2499999999999999,-1.1102230246251565e-16,-0.2500000000000001,1.0
121,121,0.2469152532855432,0.0,0.0,-0.1981203125901445,-1.1102230246251565e-16,0.0,-0.1981203125901445,-0.1981203125901445,0.8018796874098553,-0.12499999999999989,-1.1102230246251565e-16,-0.12499999999999989,0.0,-1.1102230246251565e-16,-0.12499999999999989,0.0,2.220446049250313e-16,0.875
122,122,0.3200355658756877,-0.07312031259014451,-0.125,-0.07312031259014451,-1.1102230246251565e-16,-0.07312031259014451,0.0,-0.07312031259014451,0.9268796874098553,1.1102230246251565e-16,-0.1250000000000001,-0.3749999999999999,-0.125,-1.1102230246251565e-16,1.1102230246251565e-16,-0.12499999999999978,-0.12499999999999978,0.9999999999999998
123,123,0.45751874963942185,0.0,-0.45751874963942185,0.0,0.0,0.0,-0.14624062518028913,0.0,0.7075187496394221,0.0,0.0,-0.25,0.0,0.0,-1.1102230246251565e-16,-0.2499999999999999,-1.1102230246251565e-16,0.7500000000000001
124,124,0.3200355658756877,-0.125,-0.07312031259014451,-0.07312031259014451,-1.1102230246251565e-16,-0.07312031259014451,-0.07312031259014451,0.0,0.9268796874098553,1.1102230246251565e-16,-1.1102230246251565e-16,1.1102230246251565e-16,-0.12499999999999978,-0.1250000000000001,-0.3749999999999999,-0.125,-0.125,1.0
125,125,0.45751874963942185,-0.45751874963942185,0.0,0.0,0.0,0.0,0.0,-0.14624062518028913,0.7075187496394221,0.0,0.0,0.0,-0.25,0.0,-0.25,0.0,0.0,0.75
126,126,0.0,0.0,0.0,0.0,0.0,0.0,0.0,0.0,0.5612781244591329,0.0,0.0,0.0,-0.25,0.0,0.0,-0.25,-0.25,1.0
127,127,0.2935644431995963,-0.05187968740985549,-0.05187968740985549,-0.05187968740985549,0.0,-0.05187968740985549,-0.05187968740985549,-0.05187968740985549,0.43627812445913294,0.0,0.0,0.0,-0.125,0.0,0.0,-0.125,-0.125,0.4999999999999998
128,128,0.2935644431995963,-0.05187968740985549,-0.05187968740985549,-0.05187968740985549,0.0,-0.05187968740985549,-0.05187968740985549,-0.05187968740985549,0.43627812445913294,0.0,0.0,0.0,-0.125,0.0,0.0,-0.125,-0.125,0.4999999999999998
129,129,0.0,0.0,0.0,0.0,0.0,0.0,0.0,0.0,0.5612781244591329,0.0,0.0,0.0,-0.25,0.0,0.0,-0.25,-0.25,1.0
130,130,0.45751874963942185,-0.45751874963942185,0.0,0.0,0.0,0.0,0.0,-0.14624062518028913,0.7075187496394221,0.0,0.0,0.0,-0.25,0.0,-0.25,0.0,0.0,0.75
131,131,0.3200355658756877,-0.125,-0.07312031259014451,-0.07312031259014451,0.0,-0.07312031259014451,-0.07312031259014451,0.0,0.9268796874098553,0.0,0.0,0.0,-0.12499999999999978,-0.125,-0.375,-0.125,-0.125,1.0
132,132,0.45751874963942185,0.0,-0.45751874963942185,0.0,0.0,0.0,-0.14624062518028913,0.0,0.7075187496394221,0.0,0.0,-0.25,0.0,0.0,-1.1102230246251565e-16,-0.2499999999999999,-1.1102230246251565e-16,0.7500000000000001
133,133,0.3200355658756877,-0.07312031259014451,-0.125,-0.07312031259014451,0.0,-0.07312031259014451,0.0,-0.07312031259014451,0.9268796874098553,0.0,-0.125,-0.375,-0.125,0.0,0.0,-0.12499999999999978,-0.12499999999999978,0.9999999999999998
134,134,0.2469152532855432,0.0,0.0,-0.1981203125901445,0.0,0.0,-0.1981203125901445,-0.1981203125901445,0.8018796874098553,-0.125,0.0,-0.125,0.0,0.0,-0.125,0.0,2.220446049250313e-16,0.875
135,135,0.43872187554086706,1.1102230246251565e-16,1.1102230246251565e-16,-0.2500000000000002,1.1102230246251565e-16,-0.43872187554086706,-1.1102230246251565e-16,-1.1102230246251565e-16,1.0000000000000002,-1.1102230246251565e-16,0.0,-0.25,0.0,0.0,-0.2499999999999999,-1.1102230246251565e-16,-0.2500000000000001,1.0
136,136,0.5612781244591327,-0.10375937481971087,-0.10375937481971087,-0.10375937481971098,-0.25,0.0,-0.14624062518028913,-0.14624062518028913,0.853759374819711,2.220446049250313e-16,0.0,0.0,-0.25,0.0,-2.220446049250313e-16,-0.24999999999999978,2.220446049250313e-16,0.7499999999999998
137,137,0.3200355658756877,-0.07312031259014451,-0.07312031259014451,0.0,-0.125,-0.125,-0.07312031259014451,-0.07312031259014451,0.9268796874098553,-0.375,0.0,0.0,-0.125,0.0,0.0,-0.125,-0.12499999999999978,1.0
138,138,0.7469152532855431,-0.4999999999999999,0.0,-0.07312031259014451,-0.125,0.0,-0.07312031259014451,-0.07312031259014451,0.9268796874098553,0.0,-0.125,0.0,-0.5,-0.125,0.0,2.220446049250313e-16,2.220446049250313e-16,0.8749999999999999
139,139,0.5849625007211562,-0.14624062518028902,0.0,-1.1102230246251565e-16,-0.2499999999999999,-0.14624062518028913,-0.29248125036057804,0.0,1.0,0.0,0.0,1.1102230246251565e-16,-0.2500000000000001,-0.25,1.1102230246251565e-16,-1.1102230246251565e-16,-0.2500000000000001,1.0
140,140,0.7469152532855431,0.0,-0.4999999999999999,-0.07312031259014451,-0.125,0.0,-0.07312031259014451,-0.07312031259014451,0.9268796874098553,0.0,-0.125,0.0,2.220446049250313e-16,-0.125,0.0,-0.5,2.220446049250313e-16,0.8749999999999998
141,141,0.5849625007211562,0.0,-0.14624062518028902,-1.1102230246251565e-16,-0.2499999999999999,-0.14624062518028913,0.0,-0.29248125036057804,1.0,0.0,-0.25,0.0,0.0,0.0,0.0,-0.25,-0.25,1.0
142,142,0.5849625007211562,0.0,0.0,-0.14624062518028913,-0.2499999999999999,0.0,-0.14624062518028913,-0.14624062518028913,0.8537593748197112,-1.1102230246251565e-16,-0.25,0.0,0.0,-0.25,-3.3306690738754696e-16,3.3306690738754696e-16,3.3306690738754696e-16,0.7499999999999997
143,143,0.7469152532855431,0.0,0.0,-0.07312031259014451,-0.125,-0.5,-0.0731203125901444,-0.0731203125901444,0.9268796874098554,-2.220446049250313e-16,-0.1250000000000001,-1.1102230246251565e-16,4.440892098500626e-16,-0.1250000000000001,0.0,3.3306690738754696e-16,-0.49999999999999967,0.8749999999999994
144,144,0.45751874963942185,0.0,0.0,-0.14624062518028913,0.0,-0.45751874963942185,0.0,0.0,0.7075187496394221,-0.25,0.0,0.0,-2.220446049250313e-16,0.0,-1.1102230246251565e-16,-1.1102230246251565e-16,-0.2499999999999999,0.7500000000000003
145,145,0.3200355658756877,-0.07312031259014451,-0.07312031259014451,0.0,-0.125,-0.125,-0.07312031259014451,-0.07312031259014451,0.9268796874098553,-0.375,0.0,0.0,-0.12499999999999978,0.0,0.0,-0.12499999999999978,-0.12499999999999978,0.9999999999999996
146,146,0.2469152532855432,0.0,0.0,-0.1981203125901445,0.0,0.0,-0.1981203125901445,-0.1981203125901445,0.8018796874098553,-0.125,0.0,-0.125,2.220446049250313e-16,0.0,-0.125,2.220446049250313e-16,0.0,0.8749999999999998
147,147,0.43872187554086706,0.0,-0.43872187554086706,0.0,0.0,1.1102230246251565e-16,-0.2500000000000001,-1.1102230246251565e-16,1.0,-0.2499999999999999,1.1102230246251565e-16,0.0,-1.1102230246251565e-16,0.0,-0.25,-0.25,0.0,1.0
148,148,0.2469152532855432,0.0,0.0,-0.1981203125901445,0.0,0.0,-0.1981203125901445,-0.1981203125901445,0.8018796874098553,-0.125,0.0,-0.125,2.220446049250313e-16,0.0,-0.125,2.220446049250313e-16,2.220446049250313e-16,0.8749999999999996
149,149,0.43872187554086706,-0.43872187554086706,0.0,0.0,0.0,0.0,0.0,-0.25,1.0,-0.25,0.0,-0.25,-0.25,1.1102230246251565e-16,0.0,-1.1102230246251565e-16,-1.1102230246251565e-16,1.0
150,150,0.0,0.0,0.0,0.0,0.0,0.0,0.0,0.0,0.0,0.0,0.0,0.0,0.0,0.0,0.0,0.0,0.0,1.0
151,151,0.2469152532855432,0.0,0.0,-0.1981203125901445,-1.1102230246251565e-16,0.0,-0.1981203125901445,-0.1981203125901445,0.8018796874098553,-0.12499999999999989,-1.1102230246251565e-16,-0.12499999999999989,2.220446049250313e-16,-1.1102230246251565e-16,-0.12499999999999989,2.220446049250313e-16,2.220446049250313e-16,0.8749999999999996
152,152,0.3200355658756877,-0.07312031259014451,-0.07312031259014451,0.0,-0.125,-0.125,-0.07312031259014451,-0.07312031259014451,0.9268796874098553,-0.375,0.0,0.0,-0.12499999999999978,0.0,0.0,-0.12499999999999978,-0.12499999999999978,0.9999999999999996
153,153,0.0,0.0,0.0,0.0,0.0,0.0,0.0,0.0,1.0,-1.0,0.0,0.0,0.0,0.0,0.0,0.0,0.0,1.0
154,154,0.43872187554086706,-0.43872187554086706,0.0,0.0,0.0,0.0,0.0,-0.25,1.0,-0.25,0.0,-0.25,-0.25,0.0,0.0,0.0,0.0,1.0
155,155,0.3200355658756877,-0.07312031259014451,-0.07312031259014451,0.0,-0.1250000000000001,-0.1250000000000001,-0.0731203125901444,-0.0731203125901444,0.9268796874098552,-0.3749999999999999,-1.1102230246251565e-16,1.1102230246251565e-16,-0.12499999999999978,-1.1102230246251565e-16,-1.1102230246251565e-16,-0.12499999999999956,-0.12499999999999956,0.9999999999999993
156,156,0.43872187554086706,0.0,-0.43872187554086706,0.0,0.0,0.0,-0.25,0.0,1.0,-0.25,0.0,0.0,0.0,0.0,-0.25,-0.25,0.0,1.0
157,157,0.3200355658756877,-0.07312031259014451,-0.07312031259014451,0.0,-0.1250000000000001,-0.125,-0.07312031259014451,-0.07312031259014451,0.9268796874098553,-0.3749999999999999,-1.1102230246251565e-16,1.1102230246251565e-16,-0.12499999999999978,-1.1102230246251565e-16,1.1102230246251565e-16,-0.12499999999999978,-0.12499999999999978,0.9999999999999996
158,158,0.2469152532855432,0.0,0.0,-0.1981203125901445,-1.1102230246251565e-16,-1.1102230246251565e-16,-0.1981203125901444,-0.1981203125901444,0.8018796874098552,-0.12499999999999989,-1.1102230246251565e-16,-0.12499999999999989,2.220446049250313e-16,-1.1102230246251565e-16,-0.125,3.3306690738754696e-16,3.3306690738754696e-16,0.8749999999999994
159,159,0.45751874963942185,0.0,0.0,-0.14624062518028913,0.0,-0.45751874963942185,0.0,0.0,0.7075187496394221,-0.25,0.0,0.0,-2.220446049250313e-16,0.0,-1.1102230246251565e-16,-1.1102230246251565e-16,-0.2499999999999999,0.7500000000000003
160,160,0.5612781244591327,-0.10375937481971087,0.0,-0.14624062518028913,0.0,-0.10375937481971087,-0.10375937481971098,-0.14624062518028913,0.853759374819711,0.0,-0.25,2.220446049250313e-16,-0.2500000000000002,0.0,-2.220446049250313e-16,2.220446049250313e-16,-0.24999999999999978,0.75
161,161,0.3200355658756877,-0.07312031259014451,-0.125,-0.07312031259014451,0.0,-0.07312031259014451,0.0,-0.07312031259014451,0.9268796874098553,0.0,-0.125,-0.375,-0.12499999999999978,0.0,0.0,-0.12499999999999978,-0.125,0.9999999999999998
162,162,0.7469152532855431,-0.4999999999999999,0.0,-0.07312031259014451,-0.125,0.0,-0.07312031259014451,-0.07312031259014451,0.9268796874098553,0.0,-0.125,0.0,-0.4999999999999998,-0.125,0.0,2.220446049250313e-16,2.220446049250313e-16,0.8749999999999994
163,163,0.5849625007211562,-0.14624062518028913,-0.14624062518028913,-0.2924812503605779,0.0,0.0,0.0,0.0,1.0,0.0,-0.2499999999999999,-1.1102230246251565e-16,-0.25,-0.25,1.1102230246251565e-16,-0.2500000000000001,-1.1102230246251565e-16,1.0
164,164,0.3200355658756877,-0.07312031259014451,-0.125,-0.07312031259014451,0.0,-0.07312031259014451,0.0,-0.07312031259014451,0.9268796874098553,0.0,-0.125,-0.375,-0.12499999999999978,0.0,0.0,-0.12499999999999978,-0.12499999999999978,0.9999999999999996
165,165,0.0,0.0,0.0,0.0,0.0,0.0,0.0,0.0,1.0,0.0,0.0,-1.0,0.0,0.0,0.0,0.0,0.0,1.0
166,166,0.43872187554086706,-0.43872187554086706,0.0,0.0,0.0,0.0,0.0,-0.25,1.0,-0.25,0.0,-0.25,-0.25,0.0,0.0,0.0,0.0,1.0
167,167,0.3200355658756877,-0.07312031259014451,-0.1250000000000001,-0.0731203125901444,-1.1102230246251565e-16,-0.07312031259014451,0.0,-0.0731203125901444,0.9268796874098552,1.1102230246251565e-16,-0.1250000000000001,-0.3749999999999999,-0.12499999999999978,-1.1102230246251565e-16,-1.1102230246251565e-16,-0.12499999999999956,-0.12499999999999956,0.9999999999999993
168,168,0.7469152532855431,-0.4999999999999999,0.0,-0.07312031259014451,-0.125,0.0,-0.07312031259014451,-0.07312031259014451,0.9268796874098553,0.0,-0.125,0.0,-0.4999999999999998,-0.125,0.0,2.220446049250313e-16,2.220446049250313e-16,0.8749999999999994
169,169,0.43872187554086706,-0.43872187554086706,0.0,0.0,0.0,0.0,0.0,-0.25,1.0,-0.25,0.0,-0.25,-0.25,0.0,0.0,0.0,0.0,1.0
170,170,1.0,-1.0,0.0,0.0,0.0,0.0,0.0,0.0,1.0,0.0,0.0,0.0,-1.0,0.0,0.0,0.0,0.0,1.0
171,171,0.7469152532855431,-0.4999999999999999,0.0,-0.07312031259014451,-0.1250000000000001,0.0,-0.07312031259014451,-0.07312031259014451,0.9268796874098553,1.1102230246251565e-16,-0.1250000000000001,1.1102230246251565e-16,-0.4999999999999998,-0.125,0.0,2.220446049250313e-16,2.220446049250313e-16,0.8749999999999994
172,172,0.5849625007211562,-0.14624062518028913,-0.14624062518028913,-0.2924812503605779,0.0,0.0,0.0,0.0,1.0,0.0,-0.25,0.0,-0.25,-0.25,1.1102230246251565e-16,-0.2500000000000001,-1.1102230246251565e-16,1.0
173,173,0.3200355658756877,-0.07312031259014451,-0.1250000000000001,-0.0731203125901444,-1.1102230246251565e-16,-0.07312031259014462,1.1102230246251565e-16,-0.07312031259014429,0.926879687409855,1.1102230246251565e-16,-0.1250000000000001,-0.3749999999999999,-0.12499999999999978,-1.1102230246251565e-16,3.3306690738754696e-16,-0.125,-0.125,0.9999999999999998
174,174,0.7469152532855431,-0.4999999999999999,0.0,-0.07312031259014451,-0.1250000000000001,0.0,-0.07312031259014451,-0.07312031259014451,0.9268796874098553,1.1102230246251565e-16,-0.1250000000000001,1.1102230246251565e-16,-0.4999999999999998,-0.125,0.0,2.220446049250313e-16,2.220446049250313e-16,0.8749999999999994
175,175,0.5612781244591327,-0.10375937481971087,0.0,-0.14624062518028913,0.0,-0.10375937481971087,-0.10375937481971098,-0.14624062518028913,0.853759374819711,0.0,-0.25,2.220446049250313e-16,-0.2500000000000002,0.0,-2.220446049250313e-16,2.220446049250313e-16,-0.24999999999999978,0.75
176,176,0.7469152532855431,0.0,0.0,-0.07312031259014451,-0.125,-0.4999999999999999,-0.07312031259014451,-0.07312031259014451,0.9268796874098555,-2.220446049250313e-16,-0.125,-2.220446049250313e-16,4.440892098500626e-16,-0.125,0.0,2.220446049250313e-16,-0.5,0.8749999999999998
177,177,0.5849625007211562,0.0,-0.14624062518028913,0.0,-0.25,-0.14624062518028902,-1.1102230246251565e-16,-0.29248125036057804,1.0,0.0,-0.2499999999999999,0.0,0.0,0.0,0.0,-0.25,-0.25,1.0
178,178,0.5849625007211562,0.0,0.0,-0.14624062518028913,-0.25,0.0,-0.14624062518028913,-0.14624062518028913,0.8537593748197112,0.0,-0.2499999999999999,-1.1102230246251565e-16,0.0,-0.25,-3.3306690738754696e-16,3.3306690738754696e-16,3.3306690738754696e-16,0.7499999999999997
179,179,0.7469152532855431,0.0,-0.5,-0.0731203125901444,-0.1250000000000001,0.0,-0.07312031259014451,-0.0731203125901444,0.9268796874098552,1.1102230246251565e-16,-0.125,0.0,2.220446049250313e-16,-0.1250000000000001,2.220446049250313e-16,-0.4999999999999999,1.1102230246251565e-16,0.8749999999999997
180,180,0.43872187554086706,1.1102230246251565e-16,0.0,-0.2500000000000001,0.0,-0.43872187554086706,-1.1102230246251565e-16,0.0,1.0,1.1102230246251565e-16,0.0,-0.2499999999999999,-1.1102230246251565e-16,0.0,-0.25,0.0,-0.25,1.0
181,181,0.3200355658756877,-0.07312031259014451,-0.125,-0.07312031259014451,-1.1102230246251565e-16,-0.07312031259014451,0.0,-0.07312031259014451,0.9268796874098553,1.1102230246251565e-16,-0.1250000000000001,-0.3749999999999999,-0.125,-1.1102230246251565e-16,1.1102230246251565e-16,-0.12499999999999978,-0.12499999999999978,0.9999999999999998
182,182,0.2469152532855432,0.0,-1.1102230246251565e-16,-0.1981203125901444,-1.1102230246251565e-16,0.0,-0.1981203125901445,-0.1981203125901444,0.8018796874098552,-0.12499999999999989,-1.1102230246251565e-16,-0.12499999999999989,0.0,-1.1102230246251565e-16,-0.125,3.3306690738754696e-16,3.3306690738754696e-16,0.8749999999999997
183,183,0.45751874963942185,0.0,-0.45751874963942185,0.0,0.0,0.0,-0.14624062518028913,0.0,0.7075187496394221,0.0,0.0,-0.25,0.0,0.0,-1.1102230246251565e-16,-0.2499999999999999,-1.1102230246251565e-16,0.7500000000000001
184,184,0.5849625007211562,-0.14624062518028902,0.0,-1.1102230246251565e-16,-0.25,-0.14624062518028913,-0.29248125036057804,0.0,1.0,1.1102230246251565e-16,0.0,1.1102230246251565e-16,-0.2500000000000001,-0.25,1.1102230246251565e-16,-1.1102230246251565e-16,-0.2500000000000001,1.0
185,185,0.3200355658756877,-0.07312031259014451,-0.07312031259014462,1.1102230246251565e-16,-0.1250000000000001,-0.1250000000000001,-0.0731203125901444,-0.07312031259014429,0.926879687409855,-0.3749999999999999,-1.1102230246251565e-16,1.1102230246251565e-16,-0.125,-1.1102230246251565e-16,0.0,-0.12499999999999967,-0.12499999999999967,0.9999999999999997
186,186,0.7469152532855431,-0.4999999999999999,0.0,-0.07312031259014451,-0.1250000000000001,0.0,-0.07312031259014451,-0.07312031259014451,0.9268796874098553,1.1102230246251565e-16,-0.1250000000000001,1.1102230246251565e-16,-0.5,-0.125,0.0,2.220446049250313e-16,2.220446049250313e-16,0.8749999999999999
187,187,0.5612781244591327,-0.10375937481971087,-0.10375937481971087,-0.10375937481971098,-0.25,0.0,-0.14624062518028913,-0.14624062518028913,0.853759374819711,2.220446049250313e-16,0.0,0.0,-0.25,0.0,-2.220446049250313e-16,-0.24999999999999978,2.220446049250313e-16,0.7499999999999998
188,188,0.3200355658756877,-0.125,-0.07312031259014462,-0.0731203125901444,-1.1102230246251565e-16,-0.07312031259014462,-0.0731203125901444,2.220446049250313e-16,0.926879687409855,1.1102230246251565e-16,-1.1102230246251565e-16,1.1102230246251565e-16,-0.12499999999999978,-0.1250000000000001,-0.375,-0.12499999999999967,-0.12499999999999967,0.9999999999999994
189,189,0.0,0.0,0.0,0.0,0.0,0.0,0.0,0.0,0.5612781244591329,0.0,0.0,0.0,-0.25,0.0,0.0,-0.25,-0.25,1.0
190,190,0.45751874963942185,-0.45751874963942185,0.0,0.0,0.0,0.0,0.0,-0.14624062518028913,0.7075187496394221,0.0,0.0,0.0,-0.25,0.0,-0.25,0.0,0.0,0.75
191,191,0.2935644431995963,-0.05187968740985549,-0.05187968740985538,-0.0518796874098556,0.0,-0.05187968740985538,-0.0518796874098556,-0.05187968740985571,0.43627812445913317,0.0,0.0,0.0,-0.125,0.0,0.0,-0.12499999999999978,-0.12499999999999978,0.49999999999999933
192,192,0.5612781244591327,0.0,-0.10375937481971087,-0.14624062518028913,0.0,-0.10375937481971087,-0.14624062518028913,-0.10375937481971098,0.853759374819711,0.0,0.0,0.0,0.0,-0.25,3.3306690738754696e-16,-0.25000000000000033,-0.25000000000000033,0.7500000000000006
193,193,0.3200355658756877,-0.125,-0.07312031259014451,-0.07312031259014451,0.0,-0.07312031259014451,-0.07312031259014451,0.0,0.9268796874098553,0.0,0.0,0.0,-0.12499999999999978,-0.125,-0.375,-0.12499999999999978,-0.12499999999999978,0.9999999999999996
194,194,0.3200355658756877,-0.125,-0.07312031259014451,-0.07312031259014451,0.0,-0.07312031259014451,-0.07312031259014451,0.0,0.9268796874098553,0.0,0.0,0.0,-0.12499999999999978,-0.125,-0.375,-0.12499999999999978,-0.12499999999999978,0.9999999999999996
195,195,0.0,0.0,0.0,0.0,0.0,0.0,0.0,0.0,1.0,0.0,0.0,0.0,0.0,0.0,-1.0,0.0,0.0,1.0
196,196,0.7469152532855431,0.0,-0.4999999999999999,-0.07312031259014451,-0.125,0.0,-0.07312031259014451,-0.07312031259014451,0.9268796874098553,0.0,-0.125,0.0,2.220446049250313e-16,-0.125,0.0,-0.4999999999999998,2.220446049250313e-16,0.8749999999999996
197,197,0.5849625007211562,-0.14624062518028913,-0.14624062518028913,-0.2924812503605779,0.0,0.0,0.0,0.0,1.0,0.0,-0.25,0.0,-0.25,-0.2499999999999999,0.0,-0.2500000000000001,-1.1102230246251565e-16,1.0
198,198,0.43872187554086706,0.0,-0.43872187554086706,0.0,0.0,1.1102230246251565e-16,-0.2500000000000001,-1.1102230246251565e-16,1.0,-0.2499999999999999,0.0,1.1102230246251565e-16,-1.1102230246251565e-16,0.0,-0.25,-0.25,0.0,1.0
199,199,0.3200355658756877,-0.1250000000000001,-0.07312031259014451,-0.0731203125901444,-1.1102230246251565e-16,-0.07312031259014451,-0.0731203125901444,0.0,0.9268796874098552,1.1102230246251565e-16,-1.1102230246251565e-16,1.1102230246251565e-16,-0.12499999999999978,-0.1250000000000001,-0.375,-0.12499999999999967,-0.12499999999999989,0.9999999999999997
200,200,0.7469152532855431,0.0,-0.4999999999999999,-0.07312031259014451,-0.125,0.0,-0.07312031259014451,-0.07312031259014451,0.9268796874098553,0.0,-0.125,0.0,2.220446049250313e-16,-0.125,0.0,-0.4999999999999998,2.220446049250313e-16,0.8749999999999996
201,201,0.43872187554086706,0.0,-0.43872187554086706,0.0,0.0,0.0,-0.25,0.0,1.0,-0.25,0.0,0.0,0.0,0.0,-0.25,-0.25,0.0,1.0
202,202,0.5849625007211562,-0.14624062518028913,-0.14624062518028913,-0.2924812503605779,0.0,0.0,0.0,0.0,1.0,0.0,-0.25,0.0,-0.25,-0.25,1.1102230246251565e-16,-0.2500000000000001,-1.1102230246251565e-16,1.0
203,203,0.3200355658756877,-0.1250000000000001,-0.07312031259014451,-0.0731203125901444,-1.1102230246251565e-16,-0.07312031259014462,-0.07312031259014429,1.1102230246251565e-16,0.926879687409855,1.1102230246251565e-16,-1.1102230246251565e-16,1.1102230246251565e-16,-0.12499999999999978,-0.1250000000000001,-0.3750000000000001,-0.12499999999999956,-0.12499999999999956,0.9999999999999993
204,204,1.0,0.0,-1.0,0.0,0.0,0.0,0.0,0.0,1.0,0.0,0.0,0.0,0.0,0.0,0.0,-1.0,0.0,1.0
205,205,0.7469152532855431,0.0,-0.4999999999999999,-0.07312031259014451,-0.1250000000000001,0.0,-0.07312031259014451,-0.07312031259014451,0.9268796874098553,1.1102230246251565e-16,-0.125,0.0,2.220446049250313e-16,-0.1250000000000001,1.1102230246251565e-16,-0.4999999999999998,0.0,0.8749999999999998
206,206,0.7469152532855431,0.0,-0.4999999999999999,-0.07312031259014451,-0.1250000000000001,0.0,-0.07312031259014451,-0.07312031259014451,0.9268796874098553,1.1102230246251565e-16,-0.125,0.0,2.220446049250313e-16,-0.1250000000000001,1.1102230246251565e-16,-0.4999999999999998,0.0,0.8749999999999998
207,207,0.5612781244591327,0.0,-0.10375937481971087,-0.14624062518028913,0.0,-0.10375937481971087,-0.14624062518028913,-0.10375937481971098,0.853759374819711,0.0,0.0,0.0,0.0,-0.25,3.3306690738754696e-16,-0.25000000000000033,-0.2500000000000001,0.7500000000000003
208,208,0.7469152532855431,0.0,0.0,-0.07312031259014451,-0.125,-0.4999999999999999,-0.07312031259014451,-0.07312031259014451,0.9268796874098555,-2.220446049250313e-16,-0.125,-2.220446049250313e-16,4.440892098500626e-16,-0.125,0.0,2.220446049250313e-16,-0.4999999999999998,0.8749999999999996
209,209,0.5849625007211562,-0.14624062518028913,0.0,0.0,-0.25,-0.14624062518028913,-0.2924812503605779,0.0,1.0,0.0,0.0,0.0,-0.25,-0.2499999999999999,0.0,-1.1102230246251565e-16,-0.2500000000000001,1.0
210,210,0.43872187554086706,0.0,1.1102230246251565e-16,-0.2500000000000001,0.0,-0.43872187554086706,0.0,-1.1102230246251565e-16,1.0,1.1102230246251565e-16,0.0,-0.2499999999999999,-1.1102230246251565e-16,0.0,-0.2499999999999999,-1.1102230246251565e-16,-0.2500000000000001,1.0
211,211,0.3200355658756877,-0.125,-0.07312031259014451,-0.07312031259014451,-1.1102230246251565e-16,-0.07312031259014451,-0.07312031259014451,0.0,0.9268796874098553,1.1102230246251565e-16,-1.1102230246251565e-16,1.1102230246251565e-16,-0.12499999999999978,-0.1250000000000001,-0.3749999999999999,-0.125,-0.12499999999999978,0.9999999999999998
212,212,0.5849625007211562,0.0,0.0,-0.14624062518028913,-0.25,0.0,-0.14624062518028913,-0.14624062518028913,0.8537593748197112,0.0,-0.25,0.0,0.0,-0.2499999999999999,-4.440892098500626e-16,3.3306690738754696e-16,3.3306690738754696e-16,0.7499999999999997
213,213,0.7469152532855431,-0.5,0.0,-0.0731203125901444,-0.1250000000000001,0.0,-0.0731203125901444,-0.07312031259014451,0.9268796874098552,1.1102230246251565e-16,-0.1250000000000001,1.1102230246251565e-16,-0.4999999999999998,-0.125,0.0,2.220446049250313e-16,2.220446049250313e-16,0.8749999999999996
214,214,0.2469152532855432,-1.1102230246251565e-16,0.0,-0.1981203125901444,-1.1102230246251565e-16,0.0,-0.1981203125901444,-0.1981203125901445,0.8018796874098552,-0.12499999999999989,-1.1102230246251565e-16,-0.12499999999999989,2.220446049250313e-16,-1.1102230246251565e-16,-0.12499999999999989,0.0,0.0,0.875
215,215,0.45751874963942185,-0.45751874963942185,0.0,0.0,0.0,0.0,0.0,-0.14624062518028913,0.7075187496394221,0.0,0.0,0.0,-0.25,0.0,-0.25,0.0,0.0,0.75
216,216,0.5849625007211562,0.0,-0.14624062518028902,-1.1102230246251565e-16,-0.25,-0.14624062518028913,0.0,-0.29248125036057804,1.0,0.0,-0.25,0.0,1.1102230246251565e-16,0.0,0.0,-0.25,-0.25,1.0
217,217,0.3200355658756877,-0.07312031259014462,-0.07312031259014451,1.1102230246251565e-16,-0.1250000000000001,-0.125,-0.0731203125901444,-0.07312031259014451,0.9268796874098552,-0.3749999999999999,-1.1102230246251565e-16,1.1102230246251565e-16,-0.12499999999999978,-1.1102230246251565e-16,-1.1102230246251565e-16,-0.12499999999999978,-0.12499999999999956,0.9999999999999996
218,218,0.3200355658756877,-0.07312031259014462,-0.125,-0.0731203125901444,-1.1102230246251565e-16,-0.07312031259014462,2.220446049250313e-16,-0.0731203125901444,0.926879687409855,1.1102230246251565e-16,-0.1250000000000001,-0.3749999999999999,-0.12499999999999978,-1.1102230246251565e-16,1.1102230246251565e-16,-0.12499999999999978,-0.12499999999999978,0.9999999999999996
219,219,0.0,0.0,0.0,0.0,0.0,0.0,0.0,0.0,0.5612781244591329,0.0,0.0,0.0,-0.25,0.0,0.0,-0.25,-0.25,1.0
220,220,0.7469152532855431,0.0,-0.4999999999999999,-0.07312031259014451,-0.1250000000000001,0.0,-0.07312031259014451,-0.07312031259014451,0.9268796874098553,1.1102230246251565e-16,-0.125,0.0,2.220446049250313e-16,-0.1250000000000001,1.1102230246251565e-16,-0.5,0.0,0.875
221,221,0.5612781244591327,-0.10375937481971087,-0.10375937481971087,-0.10375937481971098,-0.25,0.0,-0.14624062518028913,-0.14624062518028913,0.853759374819711,2.220446049250313e-16,0.0,0.0,-0.25,0.0,-2.220446049250313e-16,-0.24999999999999978,2.220446049250313e-16,0.7499999999999998
222,222,0.45751874963942185,0.0,-0.45751874963942185,0.0,0.0,0.0,-0.14624062518028913,0.0,0.7075187496394221,0.0,0.0,-0.25,0.0,0.0,-1.1102230246251565e-16,-0.2499999999999999,1.1102230246251565e-16,0.7499999999999999
223,223,0.2935644431995963,-0.05187968740985538,-0.05187968740985549,-0.0518796874098556,0.0,-0.05187968740985538,-0.05187968740985571,-0.0518796874098556,0.43627812445913317,0.0,0.0,0.0,-0.12499999999999978,0.0,0.0,-0.125,-0.12499999999999978,0.49999999999999933
224,224,0.7469152532855431,0.0,0.0,-0.07312031259014451,-0.125,-0.4999999999999999,-0.07312031259014451,-0.07312031259014451,0.9268796874098555,-2.220446049250313e-16,-0.125,-2.220446049250313e-16,4.440892098500626e-16,-0.125,0.0,2.220446049250313e-16,-0.4999999999999998,0.8749999999999996
225,225,0.43872187554086706,0.0,0.0,-0.25,0.0,-0.43872187554086706,0.0,0.0,1.0,0.0,0.0,-0.25,0.0,0.0,-0.25,0.0,-0.25,1.0
226,226,0.5849625007211562,-0.14624062518028913,0.0,0.0,-0.25,-0.14624062518028913,-0.2924812503605779,0.0,1.0,0.0,0.0,0.0,-0.25,-0.25,1.1102230246251565e-16,-1.1102230246251565e-16,-0.2500000000000001,1.0
227,227,0.3200355658756877,-0.125,-0.07312031259014462,-0.0731203125901444,-1.1102230246251565e-16,-0.07312031259014451,-0.07312031259014451,1.1102230246251565e-16,0.9268796874098552,1.1102230246251565e-16,-1.1102230246251565e-16,1.1102230246251565e-16,-0.12499999999999978,-0.1250000000000001,-0.3749999999999999,-0.12499999999999978,-0.12499999999999978,0.9999999999999996
228,228,0.5849625007211562,0.0,-0.14624062518028913,0.0,-0.25,-0.14624062518028902,-1.1102230246251565e-16,-0.29248125036057804,1.0,0.0,-0.25,0.0,1.1102230246251565e-16,0.0,0.0,-0.25,-0.25,1.0
229,229,0.3200355658756877,-0.07312031259014462,-0.125,-0.0731203125901444,-1.1102230246251565e-16,-0.07312031259014451,1.1102230246251565e-16,-0.07312031259014451,0.9268796874098552,1.1102230246251565e-16,-0.1250000000000001,-0.3749999999999999,-0.12499999999999978,-1.1102230246251565e-16,3.3306690738754696e-16,-0.125,-0.12500000000000022,1.0
230,230,0.3200355658756877,-0.07312031259014462,-0.07312031259014462,2.220446049250313e-16,-0.1250000000000001,-0.125,-0.0731203125901444,-0.0731203125901444,0.926879687409855,-0.3749999999999999,-1.1102230246251565e-16,1.1102230246251565e-16,-0.12499999999999978,-1.1102230246251565e-16,4.440892098500626e-16,-0.1250000000000001,-0.1250000000000001,0.9999999999999999
231,231,0.0,0.0,0.0,0.0,0.0,0.0,0.0,0.0,0.5612781244591329,0.0,0.0,0.0,-0.25,0.0,0.0,-0.25,-0.25,1.0
232,232,0.5849625007211562,0.0,0.0,-0.14624062518028913,-0.25,0.0,-0.14624062518028913,-0.14624062518028913,0.8537593748197112,0.0,-0.25,0.0,0.0,-0.25,-3.3306690738754696e-16,3.3306690738754696e-16,3.3306690738754696e-16,0.7499999999999997
233,233,0.2469152532855432,-1.1102230246251565e-16,-1.1102230246251565e-16,-0.1981203125901443,-1.1102230246251565e-16,-1.1102230246251565e-16,-0.1981203125901443,-0.1981203125901443,0.8018796874098549,-0.12499999999999989,-1.1102230246251565e-16,-0.12499999999999989,2.220446049250313e-16,-1.1102230246251565e-16,-0.12499999999999989,2.220446049250313e-16,2.220446049250313e-16,0.8749999999999996
234,234,0.7469152532855431,-0.5,0.0,-0.0731203125901444,-0.1250000000000001,0.0,-0.0731203125901444,-0.07312031259014451,0.9268796874098552,1.1102230246251565e-16,-0.1250000000000001,1.1102230246251565e-16,-0.4999999999999998,-0.125,0.0,2.220446049250313e-16,2.220446049250313e-16,0.8749999999999996
235,235,0.45751874963942185,-0.45751874963942185,0.0,0.0,0.0,0.0,0.0,-0.14624062518028913,0.7075187496394221,0.0,0.0,0.0,-0.25,0.0,-0.25,0.0,0.0,0.75
236,236,0.7469152532855431,0.0,-0.5,-0.0731203125901444,-0.1250000000000001,0.0,-0.07312031259014451,-0.0731203125901444,0.9268796874098552,1.1102230246251565e-16,-0.125,0.0,2.220446049250313e-16,-0.1250000000000001,2.220446049250313e-16,-0.4999999999999999,-1.1102230246251565e-16,0.8749999999999999
237,237,0.45751874963942185,0.0,-0.45751874963942185,0.0,0.0,0.0,-0.14624062518028913,0.0,0.7075187496394221,0.0,0.0,-0.25,0.0,0.0,-1.1102230246251565e-16,-0.2499999999999999,1.1102230246251565e-16,0.7499999999999999
238,238,0.5612781244591327,-0.10375937481971087,-0.10375937481971087,-0.10375937481971098,-0.25,0.0,-0.14624062518028913,-0.14624062518028913,0.853759374819711,2.220446049250313e-16,0.0,0.0,-0.25,0.0,-2.220446049250313e-16,-0.24999999999999978,2.220446049250313e-16,0.7499999999999998
239,239,0.2935644431995963,-0.05187968740985538,-0.05187968740985538,-0.05187968740985571,0.0,-0.05187968740985538,-0.05187968740985571,-0.05187968740985571,0.4362781244591333,0.0,0.0,0.0,-0.12499999999999978,0.0,0.0,-0.12499999999999978,-0.12499999999999978,0.4999999999999991
240,240,1.0,0.0,0.0,0.0,0.0,-1.0,0.0,0.0,1.0,0.0,0.0,0.0,0.0,0.0,0.0,0.0,-1.0,1.0
241,241,0.7469152532855431,0.0,0.0,-0.07312031259014451,-0.125,-0.4999999999999999,-0.07312031259014451,-0.07312031259014451,0.9268796874098555,-2.220446049250313e-16,-0.1250000000000001,-1.1102230246251565e-16,2.220446049250313e-16,-0.1250000000000001,1.1102230246251565e-16,0.0,-0.4999999999999998,0.875
242,242,0.7469152532855431,0.0,0.0,-0.07312031259014451,-0.125,-0.4999999999999999,-0.07312031259014451,-0.07312031259014451,0.9268796874098555,-2.220446049250313e-16,-0.1250000000000001,-1.1102230246251565e-16,2.220446049250313e-16,-0.1250000000000001,1.1102230246251565e-16,0.0,-0.4999999999999998,0.875
243,243,0.5612781244591327,0.0,-0.10375937481971087,-0.14624062518028913,0.0,-0.10375937481971087,-0.14624062518028913,-0.10375937481971098,0.853759374819711,0.0,0.0,0.0,0.0,-0.25,3.3306690738754696e-16,-0.2500000000000001,-0.25000000000000033,0.7500000000000003
244,244,0.7469152532855431,0.0,0.0,-0.07312031259014451,-0.125,-0.4999999999999999,-0.07312031259014451,-0.07312031259014451,0.9268796874098555,-2.220446049250313e-16,-0.1250000000000001,-1.1102230246251565e-16,2.220446049250313e-16,-0.1250000000000001,1.1102230246251565e-16,0.0,-0.5,0.8750000000000002
245,245,0.5612781244591327,-0.10375937481971087,0.0,-0.14624062518028913,0.0,-0.10375937481971087,-0.10375937481971098,-0.14624062518028913,0.853759374819711,0.0,-0.25,2.220446049250313e-16,-0.25,0.0,-2.220446049250313e-16,2.220446049250313e-16,-0.24999999999999978,0.7499999999999998
246,246,0.45751874963942185,0.0,0.0,-0.14624062518028913,0.0,-0.45751874963942185,0.0,0.0,0.7075187496394221,-0.25,0.0,0.0,0.0,0.0,-1.1102230246251565e-16,1.1102230246251565e-16,-0.2499999999999999,0.7499999999999999
247,247,0.2935644431995963,-0.05187968740985538,-0.05187968740985538,-0.05187968740985571,0.0,-0.05187968740985549,-0.0518796874098556,-0.0518796874098556,0.43627812445913317,0.0,0.0,0.0,-0.12499999999999978,0.0,0.0,-0.12499999999999978,-0.125,0.49999999999999933
248,248,0.7469152532855431,0.0,0.0,-0.07312031259014451,-0.125,-0.5,-0.0731203125901444,-0.0731203125901444,0.9268796874098554,-2.220446049250313e-16,-0.1250000000000001,-1.1102230246251565e-16,2.220446049250313e-16,-0.1250000000000001,0.0,1.1102230246251565e-16,-0.49999999999999967,0.8749999999999999
249,249,0.45751874963942185,0.0,0.0,-0.14624062518028913,0.0,-0.45751874963942185,0.0,0.0,0.7075187496394221,-0.25,0.0,0.0,0.0,0.0,-1.1102230246251565e-16,1.1102230246251565e-16,-0.2499999999999999,0.7499999999999999
250,250,0.5612781244591327,-0.10375937481971087,0.0,-0.14624062518028913,0.0,-0.10375937481971087,-0.10375937481971098,-0.14624062518028913,0.853759374819711,0.0,-0.25,2.220446049250313e-16,-0.25,0.0,-2.220446049250313e-16,2.220446049250313e-16,-0.24999999999999978,0.7499999999999998
251,251,0.2935644431995963,-0.05187968740985538,-0.05187968740985538,-0.05187968740985571,0.0,-0.05187968740985538,-0.05187968740985571,-0.05187968740985571,0.4362781244591333,0.0,0.0,0.0,-0.12499999999999978,0.0,0.0,-0.12499999999999978,-0.12499999999999978,0.4999999999999991
252,252,0.5612781244591327,0.0,-0.10375937481971087,-0.14624062518028913,0.0,-0.10375937481971087,-0.14624062518028913,-0.10375937481971098,0.853759374819711,0.0,0.0,0.0,0.0,-0.25,3.3306690738754696e-16,-0.2500000000000001,-0.2500000000000001,0.7500000000000001
253,253,0.2935644431995963,-0.05187968740985538,-0.05187968740985538,-0.05187968740985571,0.0,-0.05187968740985538,-0.05187968740985571,-0.05187968740985571,0.4362781244591333,0.0,0.0,0.0,-0.12499999999999978,0.0,0.0,-0.12499999999999978,-0.12499999999999978,0.4999999999999991
254,254,0.2935644431995963,-0.05187968740985538,-0.05187968740985538,-0.05187968740985571,0.0,-0.05187968740985538,-0.05187968740985571,-0.05187968740985571,0.4362781244591333,0.0,0.0,0.0,-0.12499999999999978,0.0,0.0,-0.12499999999999978,-0.12499999999999978,0.4999999999999991
255,255,0.0,0.0,0.0,0.0,0.0,0.0,0.0,0.0,0.0,0.0,0.0,0.0,0.0,0.0,0.0,0.0,0.0,0.0
